driver_id,total_fare,avg_distance
1,1516.4299999999998,13.438275862068966
6,1257.41,16.5404
5,1330.8400000000001,15.55818181818182
9,1111.6200000000001,13.628695652173915
4,1144.2299999999998,15.630625
8,2203.31,13.921176470588236
7,1437.89,12.938181818181818
