driver_id,total_fare,avg_distance
1,275.47,15.057999999999998
3,354.69,13.191999999999998
5,271.1,16.148000000000003
4,213.35,17.776
10,346.80999999999995,13.951666666666663
2,259.30999999999995,15.931999999999999
