driver_id,total_fare,avg_distance
1,2234.5799999999995,12.088809523809525
6,1958.1599999999999,15.674722222222224
3,2243.9900000000007,13.929117647058824
4,1657.09,14.055000000000003
8,3225.76,13.610000000000001
