driver_id,total_fare,avg_distance
1,2084.43,12.14225
6,1842.7499999999998,15.908181818181818
4,1648.61,13.868000000000002
8,3075.9,13.635217391304348
7,2279.71,11.79176470588235
10,2537.73,12.321142857142856
