driver_id,total_fare,avg_distance
1,587.71,14.00181818181818
3,597.49,13.48
9,197.57999999999998,13.8825
8,687.6899999999999,13.331999999999999
10,456.65999999999997,15.095714285714283
