driver_id,total_fare,avg_distance
4,1053.6999999999998,15.806000000000001
8,2114.2999999999997,13.847878787878788
7,1339.42,13.061904761904762
10,2210.02,12.31290322580645
2,1095.0699999999997,14.053749999999999
