driver_id,total_fare,avg_distance
1,1326.8999999999999,13.472592592592592
3,1448.1100000000001,13.120000000000003
8,1898.29,13.645666666666667
7,1130.0,13.007222222222222
10,2071.93,12.664482758620688
