driver_id,total_fare,avg_distance
1,1225.9299999999998,13.111923076923075
9,1019.4100000000001,13.242500000000001
4,826.1299999999999,16.178461538461537
8,1758.85,13.704074074074073
7,1019.1,13.813125
10,2009.8299999999997,12.677857142857139
