driver_id,total_fare,avg_distance
3,1171.3600000000001,13.877894736842105
9,975.59,12.962631578947372
8,1582.08,13.069600000000001
7,908.9300000000001,13.202
10,1917.6099999999997,12.984444444444442
