driver_id,total_fare,avg_distance
6,951.4100000000002,16.9225
3,842.8000000000001,15.223076923076926
9,452.97999999999996,13.295000000000002
8,911.2499999999999,14.049166666666666
7,552.89,15.22888888888889
10,948.9,12.917142857142855
