driver_id,total_fare,avg_distance
5,926.3100000000001,14.967142857142859
9,803.4,12.146000000000004
8,1132.76,12.728333333333333
7,728.12,14.749090909090908
