driver_id,total_fare,avg_distance
1,682.61,15.016428571428571
6,843.0200000000002,16.756428571428568
3,794.44,14.940909090909093
9,266.40999999999997,13.142000000000001
7,435.5,14.2775
10,839.65,12.816153846153846
2,395.8299999999999,16.05857142857143
