driver_id,total_fare,avg_distance
1,1420.4099999999999,13.184642857142858
6,1239.1200000000001,16.766250000000003
9,1068.7700000000002,13.272727272727275
8,1991.6,13.59483870967742
7,1287.28,12.893
10,2126.02,12.66333333333333
2,937.8999999999997,13.377857142857142
