driver_id,total_fare,avg_distance
3,157.01,18.32
5,158.91,19.903333333333332
4,73.89,19.84
8,107.28,13.135000000000002
10,299.41999999999996,13.155999999999997
2,217.08999999999997,15.6675
