driver_id,total_fare,avg_distance
1,1725.0499999999997,12.573030303030302
9,1382.8000000000002,12.8275
4,1498.6299999999999,14.126666666666669
8,2704.3,14.09897435897436
7,1759.0700000000002,12.161153846153844
2,1315.3099999999997,14.326842105263157
