driver_id,total_fare,avg_distance
1,1185.1,13.121249999999998
6,1126.6700000000003,16.878636363636364
3,1062.17,14.347058823529414
5,1103.06,14.668421052631581
8,1393.91,12.824545454545454
7,761.16,15.0375
2,755.7399999999998,13.106363636363636
