driver_id,total_fare,avg_distance
1,510.57,14.668749999999998
5,449.79,14.461428571428574
9,166.22,16.849999999999998
8,568.0799999999999,13.751111111111111
7,361.07,15.973333333333334
