driver_id,total_fare,avg_distance
6,991.4700000000003,17.37235294117647
9,626.8,13.292727272727275
4,470.78,15.327777777777776
10,1025.86,13.019374999999998
2,597.9099999999999,14.22111111111111
