driver_id,total_fare,avg_distance
1,1859.1899999999998,12.815555555555555
3,1704.3400000000001,13.34740740740741
5,1395.22,15.534583333333336
9,1618.0000000000002,13.50741935483871
4,1535.58,14.29909090909091
7,1881.88,11.90413793103448
