driver_id,total_fare,avg_distance
1,2174.3399999999997,12.353902439024392
7,2464.79,12.114054054054051
10,2854.57,12.332564102564103
2,1651.3499999999997,14.429166666666665
