driver_id,total_fare,avg_distance
1,429.37,14.654285714285711
6,705.3800000000001,16.493636363636366
3,389.99,14.026666666666666
9,118.91,17.875
