driver_id,total_fare,avg_distance
1,1970.1899999999998,12.576216216216215
3,1954.6100000000001,13.331666666666669
5,1504.67,15.105384615384619
4,1583.1599999999999,14.750869565217393
