driver_id,total_fare,avg_distance
6,746.6000000000001,17.0475
3,651.6800000000001,14.52111111111111
4,292.33,16.99142857142857
10,735.13,12.603636363636362
