driver_id,total_fare,avg_distance
1,1637.7699999999998,13.23
3,1556.3600000000001,13.0836
9,1307.7300000000002,12.740370370370371
4,1488.27,14.1655
8,2603.51,13.828157894736842
