driver_id,total_fare,avg_distance
1,1010.0999999999999,13.535499999999999
6,1071.9500000000003,16.866500000000002
5,839.33,15.285833333333334
9,675.9499999999999,12.890769230769234
4,575.43,14.460999999999999
10,1472.6099999999997,12.997272727272724
