driver_id,total_fare,avg_distance
1,1626.1899999999998,13.549666666666667
6,1388.91,16.48
5,1377.2,15.34304347826087
4,1260.1499999999999,15.548235294117646
8,2484.13,13.99918918918919
7,1567.7900000000002,12.704583333333332
10,2406.97,12.41393939393939
