driver_id,total_fare,avg_distance
6,1209.0500000000002,16.52956521739131
3,1302.0700000000002,13.971428571428573
9,1032.64,13.373333333333335
4,945.9199999999998,15.502142857142857
7,1102.46,13.145882352941175
2,835.3499999999998,13.08
