driver_id,total_fare,avg_distance
3,1155.73,14.329444444444444
5,1142.97,14.731500000000002
9,952.62,13.393333333333336
8,1474.46,12.95608695652174
7,864.48,13.645
2,790.8799999999998,12.625833333333333
