driver_id,total_fare,avg_distance
6,1425.0,16.180714285714288
9,1142.5600000000002,13.104000000000001
4,1441.3,14.831578947368422
10,2421.7,12.150882352941174
2,1228.4499999999998,13.926666666666666
