driver_id,total_fare,avg_distance
1,255.65,14.059999999999999
6,385.57000000000005,16.532857142857143
3,328.99,14.915
8,419.85999999999996,14.15
7,284.36,18.898000000000003
