driver_id,total_fare,avg_distance
1,1076.8899999999999,13.153636363636364
5,1042.27,14.48529411764706
9,838.15,12.415000000000003
4,732.3299999999999,15.979999999999999
