driver_id,total_fare,avg_distance
6,1882.1699999999998,15.953529411764707
9,1882.44,13.176857142857143
8,3155.2200000000003,13.501276595744683
7,2347.73,12.081388888888887
2,1424.4099999999996,14.919545454545453
