driver_id,total_fare,avg_distance
1,755.0,14.734666666666666
6,904.0500000000002,16.796666666666667
5,706.48,15.164000000000001
9,314.15999999999997,13.445000000000002
4,404.28999999999996,16.0525
2,514.6499999999999,15.4575
