driver_id,total_fare,avg_distance
1,676.69,14.25076923076923
6,809.9500000000002,17.474615384615383
3,765.59,14.305000000000001
5,521.35,13.420000000000002
8,800.6299999999999,13.866363636363637
10,819.87,13.298333333333332
2,286.05999999999995,15.975
