driver_id,total_fare,avg_distance
1,771.12,14.321874999999999
6,997.5400000000003,17.385
3,947.5000000000001,14.84666666666667
9,649.14,13.62666666666667
8,1098.73,14.102666666666668
10,1232.4299999999998,13.00222222222222
2,711.3299999999998,14.193999999999999
