driver_id,total_fare,avg_distance
1,2070.6699999999996,12.165897435897437
3,2183.9600000000005,13.633333333333335
5,1708.88,14.442758620689656
9,1785.18,13.111764705882353
8,3009.26,13.400444444444444
