driver_id,total_fare,avg_distance
1,188.3,14.716666666666667
6,256.12,15.466
4,116.00999999999999,20.7
8,340.68999999999994,12.670000000000002
7,193.97,18.51666666666667
