driver_id,total_fare,avg_distance
1,2025.4299999999998,12.354736842105263
6,1834.4699999999998,15.632187500000002
3,2094.6200000000003,13.586250000000001
5,1526.99,15.085925925925928
8,2849.78,13.58
7,2103.55,12.072258064516125
