driver_id,total_fare,avg_distance
1,1772.9399999999998,12.936176470588235
6,1532.04,15.818275862068969
9,1557.8600000000001,13.531
8,2758.9300000000003,13.959
7,1872.7700000000002,12.159285714285712
