driver_id,total_fare,avg_distance
1,70.43,12.38
6,164.54999999999998,15.75
3,107.23,24.95
5,51.32,23.89
9,97.86,17.18
4,46.17,23.64
8,47.52,9.88
7,85.19,21.87
10,93.22,7.46
2,124.38,14.983333333333334
