driver_id,total_fare,avg_distance
1,824.17,14.31722222222222
6,1065.4500000000003,17.360000000000003
3,955.5100000000001,14.596875000000002
5,790.98,16.044545454545457
8,1117.02,13.49125
7,641.92,14.495
10,1397.4799999999998,13.624999999999996
