driver_id,total_fare,avg_distance
1,1152.06,12.959565217391305
5,1077.06,14.401666666666667
8,1287.95,12.493809523809524
10,1697.2499999999995,12.794166666666664
