driver_id,total_fare,avg_distance
6,1721.35,15.520645161290325
3,2009.1000000000001,13.474838709677421
9,1692.5700000000002,13.23030303030303
4,1637.8899999999999,14.18875
7,1987.23,12.005666666666663
2,1403.8299999999997,14.100999999999999
