driver_id,total_fare,avg_distance
15,194.81,6.17
54,25.9,21.89
64,95.3,26.93
34,65.19,11.91
85,82.48,10.46
35,77.18,11.41
52,82.26,11.18
71,119.4,22.4
98,177.14999999999998,33.45
96,58.99,48.86
31,12.43,5.36
18,17.08,35.28
27,113.69,41.84
17,81.89,34.95
77,67.81,15.399999999999999
19,116.27,18.7
93,138.37,19.73
58,110.38,29.44
32,87.09,3.36
56,106.54,3.84
39,82.86,26.9
13,121.02,9.05
66,40.98,49.79
50,124.76,23.68
57,61.8,10.84
